{"train/loss": 0.3456, "train/grad_norm": 0.10005812346935272, "train/learning_rate": 7.475166080989082e-09, "train/epoch": 2.0, "train/global_step": 13080, "_timestamp": 1756359357.9126387, "_runtime": 83058.28329563141, "_step": 13080, "loss": 0, "best_loss": 0.3419, "learning_rate": 0, "epoch": 2.0, "step": 13080, "progress": 100.0, "steps_per_sec": 0.15643785249867087, "eta_hours": 0.0, "gpu_memory_gb": 1.480107008, "train_runtime": 83059.3448, "train_samples_per_second": 5.039, "train_steps_per_second": 0.157, "total_flos": 8.347885026410496e+18, "train_loss": 0.38501578059947456, "_wandb": {"runtime": 83057}}