{"train/loss": 0.3559, "train/grad_norm": 0.10870697349309921, "train/learning_rate": 0.00046531650864472954, "train/epoch": 0.5794941843619356, "train/global_step": 7000, "_timestamp": 1756183287.292491, "_runtime": 51100.69864702225, "_step": 145, "eval/loss": 0.3644614815711975, "eval/runtime": 1457.0798, "eval/samples_per_second": 13.726, "eval/steps_per_second": 1.716, "_wandb": {"runtime": 51577}}