{"train/loss": 0.4387, "train/grad_norm": 0.17418880760669708, "train/learning_rate": 0.00032278900298111956, "train/epoch": 0.1614305227865392, "train/global_step": 1950, "_timestamp": 1756131309.8287516, "_runtime": 13390.243851661682, "_step": 39, "eval/loss": 0.4928757846355438, "eval/runtime": 1453.3876, "eval/samples_per_second": 13.761, "eval/steps_per_second": 1.72, "_wandb": {"runtime": 13431}}