{"initial/gpu/utilization": 0.0, "initial/gpu/memory_gb": 1.78515625, "initial/gpu/memory_percent": 7.441784725614721, "initial/gpu/temperature": 41.0, "initial/gpu/allocated_gb": 1.398692352, "initial/gpu/reserved_gb": 1.419771904, "initial/gpu/max_allocated_gb": 1.849689088, "initial/system/cpu_percent": 3.4, "initial/system/ram_gb": 54.964400128, "initial/system/ram_percent": 43.6, "initial/system/disk_free_gb": 21.200702667236328, "_timestamp": 1756265762.9580557, "_runtime": 2.1889967918395996, "_step": 0, "_wandb": {"runtime": 21}}