{"train/loss": 3.7207, "train/grad_norm": NaN, "train/learning_rate": 0.00039680232558139537, "train/epoch": 0.36794219962536795, "train/global_step": 2750, "_timestamp": 1756236602.8970702, "_runtime": 16331.916160106659, "_step": 2750, "training/loss": 3.7207, "training/best_loss": 0.384, "training/learning_rate": 0.00039680232558139537, "training/epoch": 0.36794219962536795, "training/global_step": 2750, "training/progress": 7.358843992507359, "performance/steps_per_second": 0.1656440014913348, "performance/samples_per_second": 4.638032041757374, "performance/eta_hours": 58.05623252327514, "gpu/utilization": 100.0, "gpu/memory_gb": 12.19140625, "gpu/temperature": 62.0, "gpu/memory_allocated_gb": 2.190959616, "_wandb": {"runtime": 16449}}