{"initial/gpu/utilization": 0.0, "initial/gpu/memory_gb": 1.78515625, "initial/gpu/memory_percent": 7.441784725614721, "initial/gpu/temperature": 39.0, "initial/gpu/allocated_gb": 1.398692352, "initial/gpu/reserved_gb": 1.419771904, "initial/gpu/max_allocated_gb": 1.849689088, "initial/system/cpu_percent": 18.5, "initial/system/ram_gb": 51.872878592, "initial/system/ram_percent": 42.9, "initial/system/disk_free_gb": 21.53414535522461, "_timestamp": 1756270774.2004166, "_runtime": 2.087578535079956, "_step": 0, "_wandb": {"runtime": 21}}