{"initial/gpu/utilization": 0.0, "initial/gpu/memory_gb": 1.78515625, "initial/gpu/memory_percent": 7.441784725614721, "initial/gpu/temperature": 40.0, "initial/gpu/allocated_gb": 1.398692352, "initial/gpu/reserved_gb": 1.419771904, "initial/gpu/max_allocated_gb": 1.849689088, "initial/system/cpu_percent": 3.1, "initial/system/ram_gb": 52.053491712, "initial/system/ram_percent": 43.0, "initial/system/disk_free_gb": 21.58478546142578, "_timestamp": 1756271316.1738608, "_runtime": 2.0086727142333984, "_step": 0, "_wandb": {"runtime": 5}}