{"train/loss": 0.5326, "train/grad_norm": 0.22266420722007751, "train/learning_rate": 0.0001292834890965732, "train/epoch": 0.03114100647732935, "train/global_step": 250, "_timestamp": 1756275302.3575108, "_runtime": 2479.6806967258453, "_step": 250, "loss": 0.5326, "best_loss": 0.5326, "learning_rate": 0.0001292834890965732, "epoch": 0.03114100647732935, "step": 250, "progress": 0.7785251619332337, "steps_per_sec": 0.08981370932140095, "eta_hours": 98.54348097219308, "gpu_memory_gb": 1.590684672, "gpu_util": 72.0, "gpu_temp": 62.0, "_wandb": {"runtime": 2576}}